,name,desc,score,c_score,price,category,accessibility,schedule,web,search_parameters,phone,address,lat,lon
0,Mar y Fuego- Medellín,"Información  Accesibilidad

Entrada accesible para personas en silla de ruedas

Espacio accesible para personas en silla de ruedas

Bucle magnético de asistencia

Estacionamiento accesible para personas en silla de ruedas
    Opciones de servicio

Asientos al aire libre

Retiros en la puerta

Pedidos desde el automóvil

Para llevar

Consumo en el lugar
    Aspectos destacados

Asientos en la terraza

Buenos cócteles
    Qué ofrece

Alcohol

Aperitivos

Bebidas fuertes

Café

Cerveza

Cócteles

Opciones veganas

Platos vegetarianos

Vino
    Opciones del local

Desayunos

Desayuno-almuerzo

Almuerzo

Cena

Postres

Espacio con asientos
    Servicios

Sanitario

Sanitarios unisex

Tiene bar

Wi-Fi

Tiene Wi-Fi gratis
    Ambiente

Agradable
    Público usual

Amigable con LGBTQ+

Espacio seguro para personas transgénero

Grupos

Recomendable para ir en familia
    Planificación

Se aceptan reservas
    Pagos

Pagos con dispositivos móviles mediante NFC

Tarjetas de crédito

Tarjetas de débito

Tarjetas de crédito
    Menores

Ideal para ir con niños

Menú para niños

Sillas altas
    Estacionamiento

Hay suficiente espacio

Estacionamiento pagado

Estacionamiento pagado en la calle
    Mascotas

Se admiten perros en el interior

Se permiten perros

Se permiten perros afuera",4.7,874.0,,Restaurante,Accesible con silla de ruedas,,https://www.instagram.com/maryfuego.col/,Comuna El Poblado Restaurantes,,"Cra. 37 #10b-4, El Poblado, Medellín, El Poblado, Medellín, Antioquia",6.2108321,-75.5659179
1,Lezzet Cocina Turca,"Información  Restaurante cálido que ofrece especialidades turcas tradicionales, brunch y café.
    Accesibilidad

Entrada accesible para personas en silla de ruedas

Espacio accesible para personas en silla de ruedas
    Opciones de servicio

Asientos al aire libre

Entrega sin contacto

Entrega a domicilio

Para llevar

Consumo en el lugar
    Qué ofrece

Alcohol

Aperitivos

Bebidas fuertes

Café

Cerveza

Cócteles

Comidas durante la madrugada

Opciones veganas

Platos vegetarianos

Vino
    Opciones del local

Desayunos

Desayuno-almuerzo

Almuerzo

Cena

Postres

Espacio con asientos
    Servicios

Sanitario

Tiene bar
    Ambiente

Agradable

Informal
    Público usual

Grupos
    Planificación

Se aceptan reservas
    Pagos

Pagos con dispositivos móviles mediante NFC

Tarjetas de crédito

Tarjetas de débito

Tarjetas de crédito
    Menores

Ideal para ir con niños
    Estacionamiento

Hay suficiente espacio

Estacionamiento pagado",4.5,727.0,$$,Restaurante turco,Accesible con silla de ruedas,,http://lezzetcafe.restaurantwebexperts.com/,Comuna El Poblado Restaurantes,302 4062857 ,"Cra. 34 #7-87, El Poblado, Medellín, El Poblado, Medellín, Antioquia",6.206772,-75.5650441
2,Restaurante La Matriarca Medellín | Chicharrón | Comida Tradicional,"Información  Lugar tranquilo con terraza y un ambiente bohemio, en donde se ofrece gastronomía tradicional y regional.
    Accesibilidad

Entrada accesible para personas en silla de ruedas

Espacio accesible para personas en silla de ruedas

Sanitarios accesibles para personas en silla de ruedas
    Información proporcionada por la empresa

Se identifica como mujer empresaria
    Opciones de servicio

Asientos al aire libre

Entrega sin contacto

Entrega a domicilio

Para llevar

Consumo en el lugar
    Aspectos destacados

Asientos en la terraza

Deportes

Música en vivo
    Qué ofrece

Alcohol

Aperitivos

Barra de ensaladas

Bebidas fuertes

Café

Cerveza

Cócteles

Comidas durante la madrugada

Platos vegetarianos

Vino
    Opciones del local

Desayunos

Desayuno-almuerzo

Almuerzo

Cena

Postres

Espacio con asientos
    Servicios

Sanitario

Tiene bar

Wi-Fi

Tiene Wi-Fi gratis
    Ambiente

Agradable

Informal
    Público usual

Amigable con LGBTQ+

Espacio seguro para personas transgénero

Grupos

Recomendable para ir en familia
    Planificación

Se aceptan reservas
    Pagos

Tarjetas de crédito

Tarjetas de débito

Tarjetas de crédito
    Menores

Ideal para ir con niños

Menú para niños

Sillas altas
    Estacionamiento

Hay suficiente espacio

Estacionamiento gratuito en la calle

Estacionamiento pagado

Estacionamiento pagado en la calle
    Mascotas

Se permiten perros",4.6,5989.0,$$,Restaurante colombiano,Accesible con silla de ruedas,,https://lamatriarca.com/,Comuna El Poblado Restaurantes,320 5652016 ,"Cl. 8 #43b-62, El Poblado, Medellín, El Poblado, Medellín, Antioquia",6.2097938,-75.5722002
3,Restaurante Amena,"Información  Accesibilidad

Entrada accesible para personas en silla de ruedas

Espacio accesible para personas en silla de ruedas

Sanitarios accesibles para personas en silla de ruedas
    Opciones de servicio

Asientos al aire libre

Consumo en el lugar

Entrega a domicilio
    Aspectos destacados

Asientos en la terraza

Buenos cócteles

Música en vivo
    Qué ofrece

Alcohol

Aperitivos

Bebidas en hora feliz

Bebidas fuertes

Café

Cerveza

Cócteles

Comidas en hora feliz

Platos vegetarianos

Vino
    Opciones del local

Desayunos

Desayuno-almuerzo

Almuerzo

Cena

Servicio en el mostrador

Postres

Espacio con asientos
    Servicios

Sanitario

Sanitarios unisex

Tiene bar
    Ambiente

Agradable

Informal
    Público usual

Grupos
    Planificación

Se aceptan reservas
    Pagos

Tarjetas de crédito
    Menores

Ideal para ir con niños
    Estacionamiento

Hay suficiente espacio

Estacionamiento pagado
    Mascotas

Se permiten perros",5.0,861.0,,Restaurante,Accesible con silla de ruedas,,http://www.amenarestaurante.com/,Comuna El Poblado Restaurantes,317 6650874 ,"Cra. 41 #10-29, El Poblado, Medellín, El Poblado, Medellín, Antioquia",6.2104127,-75.5686974
4,"MEMMORIA Restaurante | ""Deja una huella en tu memoria""","Información  Opciones de servicio

Para llevar

Consumo en el lugar

Entrega a domicilio
    Aspectos destacados

Buenos cócteles
    Qué ofrece

Alcohol

Aperitivos

Bebidas fuertes

Café

Cerveza

Cócteles
    Opciones del local

Desayunos

Desayuno-almuerzo

Almuerzo

Cena

Postres
    Servicios

Sanitario
    Ambiente

Agradable

Informal
    Público usual

Grupos
    Planificación

Se aceptan reservas
    Pagos

Pagos con dispositivos móviles mediante NFC

Tarjetas de crédito

Tarjetas de débito

Tarjetas de crédito
    Menores

Ideal para ir con niños",4.9,122.0,,Restaurante,,"9 .,3 pm.",https://wellcommhotels.com/dining/?utm_source=google&utm_medium=organic&utm_campaign=gmb-restaurante,Comuna El Poblado Restaurantes,324 6248880 ,"Cra. 43E #11-37, El Poblado, Medellín, El Poblado, Medellín, Antioquia",6.2131293,-75.5731336
5,Restaurante La Causa El Poblado,"Información  Accesibilidad

Entrada accesible para personas en silla de ruedas

Espacio accesible para personas en silla de ruedas

Sanitarios accesibles para personas en silla de ruedas
    Opciones de servicio

Asientos al aire libre

Entrega sin contacto

Entrega a domicilio

Para llevar

Consumo en el lugar
    Aspectos destacados

Buenos cócteles
    Qué ofrece

Alcohol

Aperitivos

Bebidas fuertes

Café

Cerveza

Cócteles

Vino
    Opciones del local

Desayuno-almuerzo

Almuerzo

Cena

Postres

Espacio con asientos
    Servicios

Sanitario

Tiene bar
    Ambiente

Agradable

Informal
    Público usual

Grupos
    Planificación

Se aceptan reservas
    Pagos

Pagos con dispositivos móviles mediante NFC

Tarjetas de crédito

Tarjetas de débito

Tarjetas de crédito
    Menores

Sillas altas
    Estacionamiento

Estacionamiento gratuito en la calle

Estacionamiento pagado",4.6,1833.0,$$,Restaurante,Accesible con silla de ruedas,"12 pm.,9 pm.",https://lacausa.com.co/pedir,Comuna El Poblado Restaurantes,316 2228129 ,"Cra 33 #8A - 41, El Poblado, Medellín, El Poblado, Medellín, Antioquia",6.2081557,-75.5646691
6,Restaurante Mondongo's Poblado,"Información  Accesibilidad

Entrada accesible para personas en silla de ruedas

Espacio accesible para personas en silla de ruedas

Estacionamiento accesible para personas en silla de ruedas

Sanitarios accesibles para personas en silla de ruedas
    Opciones de servicio

Asientos al aire libre

Entrega sin contacto

Entrega a domicilio

Para llevar

Consumo en el lugar
    Qué ofrece

Alcohol

Bebidas fuertes

Café

Cerveza

Vino
    Opciones del local

Desayuno-almuerzo

Almuerzo

Cena

Postres

Espacio con asientos
    Servicios

Sanitario

Wi-Fi

Tiene Wi-Fi gratis
    Ambiente

Agradable

Informal
    Público usual

Grupos

Recomendable para ir en familia
    Planificación

Se aceptan reservas
    Pagos

Tarjetas de crédito

Tarjetas de débito

Tarjetas de crédito
    Menores

Ideal para ir con niños

Menú para niños
    Estacionamiento

Estacionamiento gratuito

Estacionamiento pagado en la calle",4.6,10569.0,$$,Restaurante colombiano,Accesible con silla de ruedas,"12 pm.,9 pm.",http://mondongos.com.co/,Comuna El Poblado Restaurantes,(604) 6048116 ,"Cl 10 #38-38, El Poblado, Medellín, El Poblado, Medellín, Antioquia",6.2097759,-75.567727
7,37 Park Medellín | Restaurante & Bar,"Información  Restaurante sencillo de grandes hamburguesas, wraps con papas fritas y platos abundantes de nachos.
    Accesibilidad

Estacionamiento accesible para personas en silla de ruedas
    Opciones de servicio

Asientos al aire libre

Entrega a domicilio

Para llevar

Consumo en el lugar
    Aspectos destacados

Deportes

Presentaciones en vivo
    Qué ofrece

Alcohol

Aperitivos

Bebidas fuertes

Café

Cerveza

Cócteles

Comida

Comida en el bar

Comidas durante la madrugada

Lugar para bailar

Platos vegetarianos

Vino
    Opciones del local

Desayunos

Desayuno-almuerzo

Almuerzo

Cena

Postres

Espacio con asientos
    Servicios

Sanitario

Tiene bar
    Ambiente

Agradable

Informal
    Público usual

Grupos
    Planificación

Se aceptan reservas
    Pagos

Pagos con dispositivos móviles mediante NFC

Tarjetas de crédito

Tarjetas de débito

Tarjetas de crédito
    Menores

Sillas altas
    Estacionamiento

Es un poco difícil encontrar espacio",4.5,4598.0,$$,Bar restaurante,,,https://www.instagram.com/37parkmedellin/,Comuna El Poblado Restaurantes,310 5966293 ,"Cra. 37 #8a-4, El Poblado, Medellín, El Poblado, Medellín, Antioquia",6.2076047,-75.5670269
8,REPEAT,"Información  Accesibilidad

Entrada accesible para personas en silla de ruedas

Espacio accesible para personas en silla de ruedas
    Opciones de servicio

Asientos al aire libre

Entrega a domicilio

Para llevar

Consumo en el lugar
    Qué ofrece

Alcohol

Aperitivos

Bebidas fuertes

Café

Cerveza

Cócteles

Comida

Comida en el bar

Comidas durante la madrugada

Vino
    Opciones del local

Desayunos

Desayuno-almuerzo

Almuerzo

Cena

Postres

Espacio con asientos
    Servicios

Sanitario

Tiene bar

Wi-Fi

Tiene Wi-Fi gratis
    Ambiente

Agradable

Informal
    Público usual

Amigable con LGBTQ+

Espacio seguro para personas transgénero

Grupos

Recomendable para ir en familia
    Planificación

Se aceptan reservas
    Pagos

Pagos con dispositivos móviles mediante NFC

Tarjetas de crédito

Tarjetas de débito

Tarjetas de crédito
    Menores

Ideal para ir con niños

Sillas altas
    Mascotas

Se permiten perros",4.5,818.0,$$,Bar restaurante,Accesible con silla de ruedas,,https://instagram.com/repeat.med?igshid=114fvlotnytva,Comuna El Poblado Restaurantes,320 7573346 ,"Cra. 36 #8A 5, El Poblado, Medellín, El Poblado, Medellín, Antioquia",6.2075637,-75.566815
9,hostal lleras calle 8,"Información  Este hostal moderno se encuentra en una calle residencial, a 1 km de la estación de trenes Poblado, a 3 km del Museo de Arte Moderno de Medellín y a 4 km del zoológico de Santa Fe.
Los informales dormitorios mixtos y solo para hombres/mujeres cuentan con piso de madera, ventilador y baño compartido. Las habitaciones privadas ofrecen TV de pantalla plana. Las suites incluyen baño en suite y sofá cama.
Los servicios incluyen 2 cocinas para huéspedes, una terraza tranquila, utensilios para barbacoa, un salón con TV, una mesa de ping pong y una sala con computadoras.
  
Wi-Fi gratis

Desayuno incluido

Piscina

Servicio de lavandería

Se permiten mascotas

Restaurante

Transporte desde/hacia el aeropuerto

Gimnasio

Libre de humo
 ",4.2,285.0,Hotel de 2 estrellas,,,,,Comuna El Poblado Hoteles,43229080 ,"Cl. 8 #37A - 59, El Poblado, Medellín, El Poblado, Medellín, Antioquia",6.2076846,-75.5681917
10,Lleras Park Concept Hotel,"Información  
Wi-Fi gratis

Desayuno incluido

Estacionamiento

Accesible

Piscina

Aire acondicionado

Centro de negocios

Se permiten mascotas

Restaurante

Transporte desde/hacia el aeropuerto

Jacuzzi

Gimnasio

Bar

Libre de humo
 ",3.6,170.0,Hotel de 2 estrellas,,,,https://llerasparkconcepthotel.com/,Comuna El Poblado Hoteles,305 2897766 ,"Cra. 38 #8-83, El Poblado, Medellín, El Poblado, Medellín, Antioquia",6.2083497,-75.5678544
11,BALI AT POBLADO,"Información  
Wi-Fi gratis

Desayuno incluido

Estacionamiento

Accesible

Piscina cubierta

Aire acondicionado

Servicio de lavandería

Se permiten mascotas

Apto para niños

Cocina en algunas habitaciones

Jacuzzi

Gimnasio

Libre de humo
 ",3.6,361.0,Hotel de 3 estrellas,,,,https://hotelbaliatpoblado.com/,Comuna El Poblado Hoteles,310 6022157 ,"Cra. 43A #7d-46, El Poblado, Medellín, El Poblado, Medellín, Antioquia",6.2085995,-75.5710205
12,The Art Hotel Medellin,"Información  Este moderno hotel ubicado en una calle arbolada tiene una temática artística contemporánea y se encuentra a 2 minutos a pie de las tiendas y los restaurantes del parque Lleras, y a 3 km del Museo de Arte Moderno de Medellín. El aeropuerto internacional José María Córdova está a 31 km.
Las modernas habitaciones de estilo industrial cuentan con Wi-Fi gratis, TV de pantalla plana y aire acondicionado, así como caja fuerte y frigobar. Las habitaciones mejoradas también tienen área de visitas, y algunas cuentan con terraza o vista a la ciudad.
Desayuno incluido. Los servicios incluyen spa con saunas, servicio de masajes y tina, además de gimnasio, cine, sala en el vestíbulo y café/bar. Se ofrece estacionamiento.
  
Wi-Fi gratis

Desayuno incluido

Estacionamiento

Accesible

Piscina

Aire acondicionado

Servicio de lavandería

Se permiten mascotas

Servicio en la habitación

Restaurante

Transporte desde/hacia el aeropuerto

Gimnasio

Bar

Libre de humo
 ",4.0,1029.0,Hotel de 4 estrellas,,,,https://www.arthotelmedellin.com/es/,Comuna El Poblado Hoteles,317 8926114 ,"Cra. 41 #9-31, El Poblado, Medellín, El Poblado, Medellín, Antioquia",6.2094949,-75.5690044
13,Lleras Green Hotel,"Información  
Wi-Fi gratis

Desayuno incluido

Estacionamiento

Piscina

Aire acondicionado

Servicio de lavandería

Apto para niños

Restaurante

Transporte desde/hacia el aeropuerto

Gimnasio

Libre de humo
 ",4.0,557.0,Hotel de 2 estrellas,,,,http://llerasgreenhotel.co/,Comuna El Poblado Hoteles,(604) 4480281 ,"Cl. 9 #40-30, El Poblado, Medellín, El Poblado, Medellín, Antioquia",6.2091045,-75.5685934
14,Hotel Tik Medellín,"Información  Este hotel informal con vista a la cordillera de los Andes se encuentra en un edificio de ladrillos entre restaurantes y bares, a 21 km del aeropuerto internacional José María Córdova.
Las habitaciones discretas tienen mobiliario sencillo, Wi-Fi y TV de pantalla plana.
Las comodidades incluyen un salón sencillo en el vestíbulo y una terraza en la azotea con tina y vista a la montaña. También se ofrece desayuno.
  
Wi-Fi gratis

Desayuno incluido

Estacionamiento

Piscina

Aire acondicionado

Servicio de lavandería

Se permiten mascotas

Apto para niños

Restaurante

Transporte desde/hacia el aeropuerto

Jacuzzi

Gimnasio

Libre de humo
 ",4.0,329.0,Hotel de 3 estrellas,,,,http://www.tikhotelmedellin.com/,Comuna El Poblado Hoteles,316 4681635 ,"Cra. 43B #9-15, El Poblado, Medellín, El Poblado, Medellín, Antioquia",6.2103101,-75.571483
15,Hotel Moet,"Información  
Wi-Fi gratis

Desayuno incluido

Estacionamiento

Accesible

Piscina

Aire acondicionado

Servicio de lavandería

Se permiten mascotas

Apto para niños

Restaurante

Transporte desde/hacia el aeropuerto

Gimnasio
 ",4.3,195.0,,,,,https://www.hotelmoetmedellin.com/,Comuna El Poblado Hoteles,311 8436224 ,"Cl 10 #35 - 29 piso 2, El Poblado, Medellín, El Poblado, Medellín, Antioquia",6.2087105,-75.56595
16,Selina Medellin,"Información  Este hostal animado, con un ambiente pintoresco y tranquilo, está ubicado en un área ajetreada llena de tiendas y restaurantes, a 3 km del Museo de Arte Moderno de Medellín y de la estación de tren Poblado.
Los dormitorios sencillos, mixtos y no mixtos, con capacidad para 20 huéspedes, cuentan con acceso a Wi-Fi, casilleros y baños compartidos. Las habitaciones privadas y modernas tienen baño integrado o aire acondicionado.
Los servicios incluyen un restaurante, un centro de negocios y un patio con bar al aire libre. También se ofrecen clases de yoga.
  
Wi-Fi gratis

Desayuno

Estacionamiento

Accesible

Piscina cubierta

Aire acondicionado

Servicio de lavandería

Se permiten mascotas

Apto para niños

Restaurante

Cocina en algunas habitaciones

Transporte desde/hacia el aeropuerto

Bar
 ",4.4,3106.0,Hotel de 4 estrellas,,,,http://www.selina.com/colombia/medellin,Comuna El Poblado Hoteles,350 2717217 ,"Cra. 32d #9 - 17, El Poblado, Medellín, El Poblado, Medellín, Antioquia",6.2076704,-75.5641669
17,Hotel Stanza Medellin,"Información  
Wi-Fi gratis

Desayuno incluido

Piscina

Aire acondicionado

Apto para niños

Transporte desde/hacia el aeropuerto

Gimnasio
 ",4.3,128.0,Hotel de 3 estrellas,,,,,Comuna El Poblado Hoteles,,"Cra. 35 #7 38, El Poblado, Medellín, El Poblado, Medellín, Antioquia",6.206526,-75.5653923
18,HOTEL FENCE,"Información  
Transporte desde/hacia el aeropuerto
 ",3.8,27.0,Hotel de 2 estrellas,,,,https://www.instagram.com/hotelfencemedellin/,Comuna El Poblado Hoteles,300 7570711 ,"Cl 10 #40-62, El Poblado, Medellín, El Poblado, Medellín, Antioquia",6.2099643,-75.5685751
19,Parque de El Poblado,"Información  Plaza verde y punto de encuentro central con vendedores de comida y artesanía, y vida nocturna alrededor.
    Accesibilidad

Entrada accesible para personas en silla de ruedas

Estacionamiento accesible para personas en silla de ruedas
    Opciones de servicio

Servicios en el lugar
    Servicios

Sanitario público
    Menores

Ideal para ir con niños
    Mascotas

Se permiten perros",4.4,32419.0,,Parque,Accesible con silla de ruedas,,http://www.medellin.gov.co/,Comuna El Poblado Parques,,"El Poblado, Medellín, El Poblado, Medellín, Antioquia",6.2100096,-75.5711208
20,Parque De La Presidenta,"Información  Parque público con senderos, puentes de madera, mercados de agricultores y áreas de juegos para niños.
    Accesibilidad

Entrada accesible para personas en silla de ruedas
    Menores

Ideal para ir con niños
    Mascotas

Parque para perros

Se permiten perros",4.6,411.0,,Parque,Accesible con silla de ruedas,,,Comuna El Poblado Parques,,"Cra. 39, El Poblado, Medellín, El Poblado, Medellín, Antioquia",6.2078144,-75.5699941
21,Parque lleras,"Información  Zona dinámica con una gran variedad de restaurantes que sirven comida regional, bares y otros locales nocturnos.
    Accesibilidad

Entrada accesible para personas en silla de ruedas

Estacionamiento accesible para personas en silla de ruedas
    Opciones de servicio

Servicios en el lugar
    Servicios

Sanitario público
    Mascotas

Se permiten perros",4.4,20326.0,,Parque,Accesible con silla de ruedas,,https://comunasdemedellin.com/,Comuna El Poblado Parques,,"Cl 10 #25-18, El Poblado, Medellín, El Poblado, Medellín, Antioquia",6.208881,-75.5677791
22,Parque Lineal La Presidenta,"Información  Accesibilidad

Entrada accesible para personas en silla de ruedas
    Menores

Ideal para ir con niños
    Mascotas

Se permiten perros",4.5,1442.0,,Parque,Accesible con silla de ruedas,,,Comuna El Poblado Parques,,"Cl. 8 #42-25, El Poblado, Medellín, El Poblado, Medellín, Antioquia",6.2080339,-75.5704623
23,Parque de la bailarina,"Información  Parque compacto con vegetación densa, un sendero hacia una iglesia pequeña y vista panorámica a la ciudad.
    Accesibilidad

Entrada accesible para personas en silla de ruedas
    Actividades

Senderismo
    Menores

Ideal para ir con niños

Rutas de senderismo adecuadas para niños
    Mascotas

Parque para perros

Se permiten perros",4.6,1334.0,,Parque,Accesible con silla de ruedas,,,Comuna El Poblado Parques,,"Cra. 43E #7D-70, El Poblado, Medellín, El Poblado, Medellín, Antioquia",6.210057,-75.5744286
24,Parque,"Información  Accesibilidad

Entrada accesible para personas en silla de ruedas
    Menores

Ideal para ir con niños
    Mascotas

Se permiten perros",5.0,12.0,,Parque,Accesible con silla de ruedas,"6 .,6 pm.",,Comuna El Poblado Parques,,"El Poblado, Medellín, El Poblado, Medellín, Antioquia",6.216752,-75.5671198
25,Parque Natural,"Información  Accesibilidad

Entrada accesible para personas en silla de ruedas
    Menores

Ideal para ir con niños",4.3,34.0,,Parque,Accesible con silla de ruedas,"6 .,9 .",,Comuna El Poblado Parques,,"Cra. 37, El Poblado, Medellín, El Poblado, Medellín, Antioquia",6.207432,-75.5671234
26,Parque Lineal Ciudad del Río,"Información  Área verde urbana popular para pícnics, recreación y relajación; se realizan festivales y otros eventos.
    Accesibilidad

Entrada accesible para personas en silla de ruedas

Estacionamiento accesible para personas en silla de ruedas
    Actividades

Senderismo
    Servicios

Área para patinetas

Sanitario público
    Menores

Es recomendable para cumpleaños infantiles

Ideal para ir con niños

Rutas de senderismo adecuadas para niños
    Mascotas

Parque para perros

Se permiten perros",4.6,8015.0,,Parque,Accesible con silla de ruedas,,,Comuna El Poblado Parques,,"Cra 43G #2420, El Poblado, Medellín, El Poblado, Medellín, Antioquia",6.220968,-75.5734487
27,Parque Monumento a Pedro Justo Berrío.,"Información  Accesibilidad

Entrada accesible para personas en silla de ruedas
    Menores

Ideal para ir con niños
    Mascotas

Se permiten perros",5.0,1.0,,Parque,Accesible con silla de ruedas,"6 .,3 pm.",,Comuna El Poblado Parques,,"Monumento parque lleras, Cra. 37 #8A, El Poblado, Envigado, Medellín, El Poblado, Medellín, Antioquia",6.2086633,-75.5674342
28,Telemedellín - Canal Parque Gabriel García Márquez,"Información  Parque boscoso con estanques de peces, muros de escalada, áreas de juegos, senderos y zonas de pícnic.
    Accesibilidad

Entrada accesible para personas en silla de ruedas

Estacionamiento accesible para personas en silla de ruedas
    Actividades

Senderismo
    Servicios

Columpios

Mesas de pícnic

Sanitario público

Toboganes
    Menores

Área de juegos

Es recomendable para cumpleaños infantiles

Ideal para ir con niños

Rutas de senderismo adecuadas para niños
    Mascotas

Parque para perros

Se permiten perros",4.7,4255.0,,Parque,Accesible con silla de ruedas,,http://comunasdemedellin.com/?utm_source=telemedellin&utm_medium=d&utm_campaign=d,Comuna El Poblado Parques,44489590 ,"Cra. 43F #18-60, El Poblado, Medellín, El Poblado, Medellín, Antioquia",6.2192457,-75.5707967
29,El Corral El Poblado,"Información  Accesibilidad

Entrada accesible para personas en silla de ruedas

Espacio accesible para personas en silla de ruedas

Estacionamiento accesible para personas en silla de ruedas

Sanitarios accesibles para personas en silla de ruedas
    Opciones de servicio

Asientos al aire libre

Retiros en la puerta

Entrega sin contacto

Entrega a domicilio

Para llevar

Consumo en el lugar
    Qué ofrece

Barra de ensaladas

Café
    Opciones del local

Desayunos

Almuerzo

Cena

Postres

Espacio con asientos
    Servicios

Sanitario
    Ambiente

Agradable

Informal
    Público usual

Grupos
    Planificación

Se aceptan reservas
    Pagos

Pagos con dispositivos móviles mediante NFC

Tarjetas de crédito

Tarjetas de débito

Tarjetas de crédito
    Menores

Ideal para ir con niños

Menú para niños

Sillas altas
    Estacionamiento

Hay suficiente espacio

Estacionamiento gratuito

Estacionamiento gratuito en la calle",4.5,1701.0,$$,Restaurante,Accesible con silla de ruedas,"9 .,6 .",https://pideenlinea.elcorral.com/,Comuna El Poblado Comida rápida,333 6222122 ,"Cra. 32d #9 - 92, El Poblado, Medellín, El Poblado, Medellín, Antioquia",6.208405,-75.5641452
30,German Street Food,"Información  Accesibilidad

Entrada accesible para personas en silla de ruedas
    Opciones de servicio

Asientos al aire libre

Retiros en la puerta

Entrega sin contacto

Entrega a domicilio

Para llevar

Consumo en el lugar
    Qué ofrece

Alcohol

Barra de ensaladas

Cerveza

Comidas durante la madrugada

Opciones veganas

Platos vegetarianos
    Opciones del local

Desayunos

Almuerzo

Cena

Espacio con asientos
    Servicios

Sanitario
    Ambiente

Informal
    Público usual

Amigable con LGBTQ+

Espacio seguro para personas transgénero

Grupos
    Pagos

Pagos con dispositivos móviles mediante NFC

Tarjetas de crédito

Tarjetas de débito

Tarjetas de crédito
    Menores

Ideal para ir con niños

Sillas altas",4.3,541.0,$ 20.000-30.000,Restaurante de comida rápida,Accesible con silla de ruedas,,http://germanstreetfood.co/,Comuna El Poblado Comida rápida,,"Cra. 43B #9 - 07, El Poblado, Medellín, El Poblado, Medellín, Antioquia",6.2102223,-75.5714712
31,Los Cebolludos Parque Poblado,"Información  Opciones de servicio

Entrega a domicilio

Para llevar

Consumo en el lugar
    Ambiente

Informal
    Público usual

Grupos
    Menores

Ideal para ir con niños",5.0,4.0,,Restaurante de comida rápida,,"6 .,9 .",,Comuna El Poblado Comida rápida,,"Cra. 43A, El Poblado, Medellín, El Poblado, Medellín, Antioquia",6.2095716,-75.5706338
32,Los Verdes,"Información  Opciones de servicio

Asientos al aire libre

Entrega a domicilio

Para llevar

Consumo en el lugar
    Opciones del local

Almuerzo

Espacio con asientos
    Servicios

Sanitario
    Ambiente

Informal
    Público usual

Grupos
    Pagos

Pagos con dispositivos móviles mediante NFC

Tarjetas de débito

Tarjetas de crédito
    Menores

Ideal para ir con niños

Menú para niños",3.4,85.0,,Restaurante de comida rápida,,,,Comuna El Poblado Comida rápida,44446580 ,"Cra. 40 #9A-12, El Poblado, Medellín, El Poblado, Medellín, Antioquia",6.2094571,-75.5679884
33,Rapidogs,"Información  Accesibilidad

Entrada accesible para personas en silla de ruedas
    Opciones de servicio

Asientos al aire libre

Entrega sin contacto

Entrega a domicilio

Para llevar

Consumo en el lugar
    Qué ofrece

Comidas durante la madrugada
    Opciones del local

Desayunos

Almuerzo

Cena

Espacio con asientos
    Servicios

Sanitario
    Ambiente

Informal
    Público usual

Grupos

Recomendable para ir en familia
    Pagos

Pagos con dispositivos móviles mediante NFC

Tarjetas de crédito

Tarjetas de débito

Tarjetas de crédito
    Menores

Ideal para ir con niños

Menú para niños
    Estacionamiento

Hay suficiente espacio

Estacionamiento gratuito

Estacionamiento gratuito en la calle",4.2,1948.0,$ 20.000-30.000,Restaurante de comida rápida,Accesible con silla de ruedas,,http://www.rapidogs.com/,Comuna El Poblado Comida rápida,43124288 ,"Cra. 48 #5-08, El Poblado, Medellín, El Poblado, Medellín, Antioquia",6.2077226,-75.5765609
34,Diez & Cuatro,"Información  Opciones de servicio

Para llevar

Consumo en el lugar
    Opciones del local

Almuerzo
    Ambiente

Informal
    Público usual

Grupos
    Menores

Ideal para ir con niños",2.6,23.0,$ 20.000-30.000,Restaurante de comida rápida,,,,Comuna El Poblado Comida rápida,,"Cl 10 #43C 07 Local 02, El Poblado, Medellín, El Poblado, Medellín, Antioquia",6.21107,-75.5720245
35,Los Chamos - Poblado,"Información  Accesibilidad

Entrada accesible para personas en silla de ruedas
    Opciones de servicio

Asientos al aire libre

Entrega a domicilio

Para llevar

Consumo en el lugar
    Opciones del local

Almuerzo

Cena

Postres

Espacio con asientos
    Servicios

Sanitario
    Ambiente

Informal
    Público usual

Grupos
    Pagos

Pagos con dispositivos móviles mediante NFC

Tarjetas de crédito

Tarjetas de débito

Tarjetas de crédito
    Menores

Ideal para ir con niños
    Mascotas

Se permiten perros",4.1,151.0,,Restaurante de comida rápida,Accesible con silla de ruedas,,https://instagram.com/loschamosarepas?igshid=YmMyMTA2M2Y=,Comuna El Poblado Comida rápida,321 2734238 ,"Cra. 34 #8a-49, El Poblado, Medellín, El Poblado, Medellín, Antioquia",6.2083218,-75.5652287
36,Dogger Parque Lleras,"Información  Opciones de servicio

Entrega a domicilio

Para llevar

Consumo en el lugar
    Opciones del local

Cena
    Servicios

Sanitario
    Ambiente

Informal
    Público usual

Grupos
    Menores

Ideal para ir con niños",3.6,9.0,,Restaurante de comida rápida,,,http://dogger.com.co/,Comuna El Poblado Comida rápida,314 6432787 ,"Cra. 38 #42, El Poblado, Medellín, El Poblado, Medellín, Antioquia",6.2077929,-75.5679353
37,RAPIDOGS,"Información  Opciones de servicio

Entrega a domicilio

Para llevar

Consumo en el lugar
    Opciones del local

Almuerzo
    Ambiente

Informal
    Público usual

Grupos
    Menores

Ideal para ir con niños",3.8,35.0,$ 20.000-30.000,Restaurante de comida rápida,,"6 .,3 .",http://www.rapidogs.com/,Comuna El Poblado Comida rápida,43124288 ,"Cl. 9 #42-36, El Poblado, Medellín, El Poblado, Medellín, Antioquia",6.2096614,-75.5701001
38,RAPIDOGS,"Información  Opciones de servicio

Entrega a domicilio

Para llevar

Consumo en el lugar
    Opciones del local

Cena
    Ambiente

Informal
    Público usual

Grupos
    Menores

Ideal para ir con niños",2.7,18.0,,Restaurante de comida rápida,,"6 .,None",http://rapidogs.com/,Comuna El Poblado Comida rápida,,"Cra. 36 #10-66, El Poblado, Medellín, El Poblado, Medellín, Antioquia",6.2095187,-75.5656473
39,El Social Tienda Mixta desde 1969,"Información  Lugar simple con mesas al aire libre y música salsa donde se sirven platos pequeños y platos internacionales.
    Opciones de servicio

Entrega a domicilio

Para llevar

Consumo en el lugar
    Estacionamiento

Servicio de estacionamiento",4.5,3666.0,$$,Bar de salsa,,,http://www.elsocial.com.co/,Comuna El Poblado Bares,305 2247913 ,"Cra. 35 #8A - 8, El Poblado, Medellín, El Poblado, Medellín, Antioquia",6.2078614,-75.5657527
40,BERLIN 1930 BAR,"Información  Accesibilidad

Entrada accesible para personas en silla de ruedas

Sanitarios accesibles para personas en silla de ruedas
    Opciones de servicio

Asientos al aire libre

Retiros en la puerta

Pedidos desde el automóvil

Para llevar

Consumo en el lugar

Entrega a domicilio
    Aspectos destacados

Bar con juegos

Buenos cócteles

Música en vivo

Presentaciones en vivo
    Qué ofrece

Alcohol

Bebidas fuertes

Cerveza

Cócteles

Comida

Comida en el bar

Lugar para bailar

Vino
    Opciones del local

Espacio con asientos
    Servicios

Sanitario
    Ambiente

Agradable

Informal
    Público usual

Grupos
    Planificación

Se aceptan reservas
    Pagos

Pagos con dispositivos móviles mediante NFC

Tarjetas de crédito

Tarjetas de débito

Tarjetas de crédito
    Estacionamiento

Hay suficiente espacio

Estacionamiento gratuito

Estacionamiento gratuito en la calle

Estacionamiento pagado",4.6,1586.0,$$,Bar,Accesible con silla de ruedas,,,Comuna El Poblado Bares,301 2016964 ,"Cl 10 #41-65, El Poblado, Medellín, El Poblado, Medellín, Antioquia",6.2100535,-75.5692644
41,Vagabond | Resto-Bar,"Información  Accesibilidad

Entrada accesible para personas en silla de ruedas
    Información proporcionada por la empresa

Se identifica como mujer empresaria
    Opciones de servicio

Asientos al aire libre

Entrega sin contacto

Entrega a domicilio

Pedidos desde el automóvil

Para llevar

Consumo en el lugar
    Qué ofrece

Alcohol

Aperitivos

Bebidas fuertes

Cerveza

Cócteles

Comida

Comida en el bar

Comidas durante la madrugada

Vino
    Opciones del local

Desayunos

Almuerzo

Cena

Espacio con asientos
    Servicios

Sanitario

Sanitarios unisex

Wi-Fi

Tiene Wi-Fi gratis
    Ambiente

Agradable

Informal
    Público usual

Amigable con LGBTQ+

Espacio seguro para personas transgénero

Grupos

Recomendable para ir en familia
    Planificación

Se aceptan reservas
    Pagos

Pagos con dispositivos móviles mediante NFC

Tarjetas de crédito

Tarjetas de débito

Tarjetas de crédito
    Menores

Ideal para ir con niños

Menú para niños

Sillas altas",4.8,263.0,,Bar restaurante,Accesible con silla de ruedas,"6 .,3 .",http://instagram.com/vagabondrestobar,Comuna El Poblado Bares,(604) 5083913 ,"Cra. 40 #9-45, El Poblado, Medellín, El Poblado, Medellín, Antioquia",6.2092264,-75.5682584
42,Panorama Rooftop Bar,"Información  Accesibilidad

Entrada accesible para personas en silla de ruedas

Estacionamiento accesible para personas en silla de ruedas
    Opciones de servicio

Asientos al aire libre

Entrega a domicilio

Para llevar

Consumo en el lugar
    Aspectos destacados

Buenos cócteles
    Qué ofrece

Alcohol

Bebidas fuertes

Cerveza

Cócteles

Comida

Comida en el bar

Vino
    Opciones del local

Espacio con asientos
    Servicios

Sanitario
    Ambiente

Agradable

Informal
    Público usual

Grupos
    Planificación

Se aceptan reservas
    Pagos

Pagos con dispositivos móviles mediante NFC

Tarjetas de crédito

Tarjetas de débito

Tarjetas de crédito",4.3,787.0,$$$,Bar,No accesible con silla de ruedas,,,Comuna El Poblado Bares,43119175 ,"Cl. 8 #34-33, El Poblado, Medellín, El Poblado, Medellín, Antioquia",6.2073388,-75.5654659
43,360 Rooftop bar,"Información  Opciones de servicio

Asientos al aire libre

Para llevar

Consumo en el lugar

Entrega a domicilio
    Aspectos destacados

Buenos cócteles
    Qué ofrece

Alcohol

Bebidas fuertes

Cerveza

Cócteles

Comida

Comida en el bar

Vino
    Opciones del local

Espacio con asientos
    Servicios

Sanitario
    Ambiente

Agradable

Informal
    Público usual

Grupos
    Planificación

Se aceptan reservas
    Pagos

Tarjetas de crédito",4.6,262.0,,Bar,,,https://havenmedellin.com/360-rooftop/,Comuna El Poblado Bares,312 6273647 ,"Cl 10A #36-29, El Poblado, Medellín, El Poblado, Medellín, Antioquia",6.2096726,-75.5661266
44,AltaGracia,"Información  Opciones de servicio

Asientos al aire libre

Entrega a domicilio

Para llevar

Consumo en el lugar
    Aspectos destacados

Presentaciones en vivo
    Qué ofrece

Alcohol

Aperitivos

Barra de ensaladas

Bebidas fuertes

Café

Cerveza

Cócteles

Comida

Comida en el bar

Comidas durante la madrugada

Platos vegetarianos

Vino
    Opciones del local

Desayunos

Desayuno-almuerzo

Almuerzo

Cena

Servicio de catering

Postres

Espacio con asientos
    Servicios

Sanitario

Sanitarios unisex

Tiene bar

Wi-Fi

Tiene Wi-Fi gratis
    Ambiente

Agradable

Informal
    Público usual

Amigable con LGBTQ+

Grupos
    Planificación

Se aceptan reservas
    Pagos

Tarjetas de crédito

Tarjetas de débito

Tarjetas de crédito
    Menores

Sillas altas
    Mascotas

Se admiten perros en el interior

Se permiten perros afuera",4.6,546.0,,Bar restaurante,,"12 pm.,9 pm.",,Comuna El Poblado Bares,301 1659505 ,"Cra 43C #10-58, El Poblado, Medellín, El Poblado, Medellín, Antioquia",6.211623,-75.5717342
45,La Octava Bar,"Información  Accesibilidad

Entrada accesible para personas en silla de ruedas

Estacionamiento accesible para personas en silla de ruedas
    Opciones de servicio

Asientos al aire libre

Consumo en el lugar

Entrega a domicilio

Para llevar
    Aspectos destacados

Buenos cócteles
    Qué ofrece

Alcohol

Bebidas fuertes

Cerveza

Cócteles

Comida

Lugar para bailar

Vino
    Opciones del local

Espacio con asientos
    Servicios

Sanitario
    Ambiente

Agradable

Informal
    Público usual

Grupos
    Planificación

Se aceptan reservas
    Pagos

Pagos con dispositivos móviles mediante NFC

Tarjetas de crédito

Tarjetas de débito

Tarjetas de crédito
    Estacionamiento

Estacionamiento gratuito en la calle",4.6,3217.0,$$,Bar,No accesible con silla de ruedas,"6 pm.,6 .",https://wa.link/5vof4v,Comuna El Poblado Bares,324 2672585 ,"Cl. 8 #37a-49, El Poblado, Medellín, El Poblado, Medellín, Antioquia",6.2074808,-75.5681538
46,ALICIA IN WONDER / DISCOTECA / BAR / RESTAURANTE / EL POBLADO /,"Información  Opciones de servicio

Retiros en la puerta

Entrega sin contacto

Entrega a domicilio

Pedidos desde el automóvil

Para llevar

Consumo en el lugar
    Qué ofrece

Alcohol

Comida
    Servicios

Sanitario",4.5,17.0,,Bar,,,,Comuna El Poblado Bares,310 6327884 ,"Cra. 39, El Poblado, Medellín, El Poblado, Medellín, Antioquia",6.2085266,-75.568252
47,Vintrash,"Información  Accesibilidad

Estacionamiento accesible para personas en silla de ruedas
    Opciones de servicio

Asientos al aire libre

Consumo en el lugar

Entrega a domicilio
    Aspectos destacados

Asientos en la terraza

Bar con juegos

Buenos cócteles

Música en vivo

Presentaciones en vivo
    Qué ofrece

Alcohol

Bebidas fuertes

Cerveza

Cócteles

Comida

Comida en el bar

Lugar para bailar
    Opciones del local

Espacio con asientos
    Servicios

Sanitario

Sanitarios unisex
    Ambiente

Agradable

Informal
    Público usual

Grupos
    Planificación

Se aceptan reservas
    Pagos

Tarjetas de crédito

Tarjetas de débito

Tarjetas de crédito
    Mascotas

Se permiten perros",4.2,1944.0,$$,Bar,,"6 pm.,6 .",https://www.instagram.com/vintrashbar/,Comuna El Poblado Bares,,"Cra. 35 #8A-39, El Poblado, Medellín, El Poblado, Medellín, Antioquia",6.2079191,-75.5660177
48,Mero Bar,"Información  Accesibilidad

Espacio accesible para personas en silla de ruedas

Sanitarios accesibles para personas en silla de ruedas

Bucle magnético de asistencia

Entrada accesible para personas en silla de ruedas

Estacionamiento accesible para personas en silla de ruedas
    Opciones de servicio

Consumo en el lugar

Entrega a domicilio
    Aspectos destacados

Música en vivo

Presentaciones en vivo
    Qué ofrece

Alcohol

Aperitivos

Bebidas fuertes

Cerveza

Cócteles

Comida

Comida en el bar

Lugar para bailar

Platos vegetarianos

Vino
    Opciones del local

Cena

Servicio de catering

Espacio con asientos
    Servicios

Sanitario

Tiene bar

Wi-Fi

Tiene Wi-Fi gratis
    Ambiente

Agradable

Informal
    Público usual

Grupos
    Planificación

Se aceptan reservas
    Pagos

Pagos con dispositivos móviles mediante NFC

Tarjetas de crédito

Tarjetas de débito

Tarjetas de crédito
    Estacionamiento

Hay suficiente espacio

Estacionamiento pagado

Estacionamiento pagado en la calle",4.8,913.0,$$,Bar restaurante,No accesible con silla de ruedas,"6 pm.,6 .",https://merobar.co/,Comuna El Poblado Bares,304 6095141 ,"Cra. 42 #08 - 61 piso 2, El Poblado, Medellín, El Poblado, Medellín, Antioquia",6.2094678,-75.570198
49,Luxury Club Medellín,"Información  Accesibilidad

Entrada accesible para personas en silla de ruedas
    Aspectos destacados

Música en vivo

Presentaciones en vivo
    Qué ofrece

Alcohol

Bebidas fuertes

Cerveza

Cócteles

Lugar para bailar
    Opciones del local

Espacio con asientos
    Servicios

Sanitario

Wi-Fi

Tiene Wi-Fi gratis
    Planificación

Se aceptan reservas
    Pagos

Tarjetas de crédito

Tarjetas de débito

Tarjetas de crédito",4.3,363.0,$$,Discoteca,Accesible con silla de ruedas,,,Comuna El Poblado Discotecas,300 6333431 ,"Cra. 39 #845, El Poblado, Medellín, El Poblado, Medellín, Antioquia",6.208367,-75.568293
50,Gusto Night Club,"Información  Accesibilidad

Entrada accesible para personas en silla de ruedas

Estacionamiento accesible para personas en silla de ruedas

Sanitarios accesibles para personas en silla de ruedas
    Opciones de servicio

Consumo en el lugar

Entrega a domicilio

Para llevar
    Aspectos destacados

Asientos en la terraza

Buenos cócteles

Música en vivo

Presentaciones en vivo
    Qué ofrece

Alcohol

Bebidas en hora feliz

Bebidas fuertes

Cerveza

Cócteles

Lugar para bailar

Vino
    Opciones del local

Espacio con asientos
    Servicios

Sanitario
    Ambiente

Agradable

Informal
    Público usual

Amigable con LGBTQ+

Espacio seguro para personas transgénero

Grupos
    Planificación

Se aceptan reservas
    Pagos

Pagos con dispositivos móviles mediante NFC

Tarjetas de crédito

Tarjetas de débito

Tarjetas de crédito",3.7,158.0,Más de $100 K,Club nocturno,Accesible con silla de ruedas,"9 pm.,6 .",http://gustonightclub.com/,Comuna El Poblado Discotecas,324 6749484 ,"Calle 9a, Parque Lleras #38-26, Medellín, Antioquia",6.209216,-75.567954
51,Discoteca Prizma,"Información  Accesibilidad

Espacio accesible para personas en silla de ruedas

Estacionamiento accesible para personas en silla de ruedas
    Opciones de servicio

Entrega a domicilio

Para llevar
    Aspectos destacados

Buenos cócteles

Música en vivo

Presentaciones en vivo
    Qué ofrece

Alcohol

Bebidas en hora feliz

Bebidas fuertes

Cerveza

Cócteles

Lugar para bailar
    Servicios

Sanitario
    Ambiente

Agradable

Informal
    Público usual

Grupos
    Planificación

Se aceptan reservas
    Pagos

Tarjetas de crédito

Tarjetas de débito",4.3,238.0,,Discoteca,,,http://www.instagram.com/lachismosaurbana,Comuna El Poblado Discotecas,311 6252334 ,"Cl 10 #41-43 Piso 2, El Poblado, Medellín, El Poblado, Medellín, Antioquia",6.2099265,-75.5691577
52,787 Club Medellín,"Información  Accesibilidad

Estacionamiento accesible para personas en silla de ruedas
    Opciones de servicio

Consumo en el lugar

Entrega a domicilio

Para llevar
    Aspectos destacados

Buenos cócteles

Música en vivo

Presentaciones en vivo
    Qué ofrece

Alcohol

Bebidas fuertes

Cerveza

Cócteles

Comida
    Servicios

Sanitario
    Ambiente

Agradable

Informal
    Público usual

Grupos
    Planificación

Se aceptan reservas
    Pagos

Pagos con dispositivos móviles mediante NFC

Tarjetas de crédito

Tarjetas de débito

Tarjetas de crédito",4.0,103.0,Más de $100 K,Discoteca,,,,Comuna El Poblado Discotecas,311 4445723 ,"Cra. 38 # 8 - 8, El Poblado, Medellín, El Poblado, Medellín, Antioquia",6.2077226,-75.567957
53,CONEJO SUCIO / 9-20,"Información  Accesibilidad

Estacionamiento accesible para personas en silla de ruedas
    Opciones de servicio

Consumo en el lugar

Entrega a domicilio

Para llevar
    Aspectos destacados

Asientos en la terraza

Buenos cócteles

Música en vivo

Presentaciones en vivo
    Qué ofrece

Alcohol

Bebidas fuertes

Cerveza

Cócteles

Comida

Lugar para bailar

Vino
    Servicios

Sanitario

Wi-Fi

Tiene Wi-Fi gratis
    Ambiente

Agradable

Informal
    Público usual

Grupos
    Planificación

Se aceptan reservas
    Pagos

Tarjetas de crédito

Tarjetas de crédito",4.2,174.0,$$,Discoteca,,,,Comuna El Poblado Discotecas,,"# 40, Cl. 9 #20, Medellín, Antioquia",6.2090499,-75.5684326
54,Vortice Medellín,"Información  Accesibilidad

Entrada accesible para personas en silla de ruedas
    Opciones de servicio

Consumo en el lugar

Entrega a domicilio
    Aspectos destacados

Buenos cócteles

Música en vivo

Presentaciones en vivo
    Qué ofrece

Alcohol

Bebidas fuertes

Cerveza

Cócteles

Comida

Lugar para bailar
    Opciones del local

Espacio con asientos
    Servicios

Sanitario
    Ambiente

Agradable

Informal
    Público usual

Amigable con LGBTQ+

Espacio seguro para personas transgénero

Grupos
    Planificación

Se aceptan reservas
    Pagos

Pagos con dispositivos móviles mediante NFC

Tarjetas de crédito

Tarjetas de débito

Tarjetas de crédito
    Menores

Ideal para ir con niños",4.3,38.0,,Discoteca,Accesible con silla de ruedas,,,Comuna El Poblado Discotecas,300 4193130 ,"Cra. 34 #7-157, El Poblado, Medellín, El Poblado, Medellín, Antioquia",6.2073357,-75.5652915
55,Miranda disco Medellín,"Información  Opciones de servicio

Consumo en el lugar

Entrega a domicilio
    Aspectos destacados

Buenos cócteles

Música en vivo

Presentaciones en vivo
    Qué ofrece

Alcohol

Bebidas fuertes

Cerveza

Cócteles

Comida

Lugar para bailar
    Servicios

Sanitario
    Ambiente

Agradable

Informal
    Público usual

Grupos
    Planificación

Se requieren reservas

Se aceptan reservas
    Pagos

Pagos con dispositivos móviles mediante NFC

Tarjetas de crédito

Tarjetas de débito

Tarjetas de crédito",4.1,467.0,Más de $100 K,Club nocturno,,"9 pm.,6 .",https://wa.link/39e5fu,Comuna El Poblado Discotecas,,"Cra. 41 #9-22, El Poblado, Medellín, El Poblado, Medellín, Antioquia",6.209446,-75.5688073
56,La Catrina Mägika,"Información  Accesibilidad

Sanitarios accesibles para personas en silla de ruedas
    Opciones de servicio

Consumo en el lugar

Entrega a domicilio
    Aspectos destacados

Buenos cócteles

Música en vivo

Presentaciones en vivo
    Qué ofrece

Alcohol

Bebidas fuertes

Cerveza

Cócteles

Comida

Lugar para bailar

Vino
    Servicios

Sanitario
    Ambiente

Agradable

Informal
    Público usual

Grupos
    Planificación

Se aceptan reservas
    Pagos

Pagos con dispositivos móviles mediante NFC

Tarjetas de crédito

Tarjetas de débito

Tarjetas de crédito",4.3,590.0,,Discoteca,,,https://instagram.com/lacatrinamagika?igshid=YmMyMTA2M2Y=,Comuna El Poblado Discotecas,,"Cra. 42 #9-59, El Poblado, Medellín, El Poblado, Medellín, Antioquia",6.2102016,-75.5696948
57,Discoteca Amarna,"Información  Accesibilidad

Entrada accesible para personas en silla de ruedas

Estacionamiento accesible para personas en silla de ruedas
    Opciones de servicio

Consumo en el lugar

Entrega a domicilio

Para llevar
    Aspectos destacados

Buenos cócteles

Karaoke

Música en vivo

Presentaciones en vivo
    Qué ofrece

Alcohol

Bebidas fuertes

Cerveza

Cócteles

Comida

Comida en el bar

Lugar para bailar

Vino
    Opciones del local

Espacio con asientos
    Servicios

Sanitario
    Ambiente

Agradable

Informal
    Público usual

Grupos
    Planificación

Se aceptan reservas
    Pagos

Pagos con dispositivos móviles mediante NFC

Tarjetas de crédito

Tarjetas de débito

Tarjetas de crédito",4.6,1016.0,$$,Discoteca,No accesible con silla de ruedas,,https://www.amarnaunica.com/,Comuna El Poblado Discotecas,305 4506505 ,"Cra 43G #27-10, El Poblado, Medellín, El Poblado, Medellín, Antioquia",6.227298,-75.5715171
58,Discoteca Morena Crossover,"Información  Accesibilidad

Entrada accesible para personas en silla de ruedas

Estacionamiento accesible para personas en silla de ruedas
    Opciones de servicio

Consumo en el lugar

Entrega a domicilio
    Aspectos destacados

Buenos cócteles

Música en vivo

Presentaciones en vivo
    Qué ofrece

Alcohol

Bebidas en hora feliz

Bebidas fuertes

Cerveza

Cócteles

Comida

Comida en el bar

Comidas en hora feliz

Lugar para bailar

Vino
    Opciones del local

Espacio con asientos
    Servicios

Wi-Fi

Tiene Wi-Fi gratis
    Ambiente

Agradable

Informal
    Público usual

Amigable con LGBTQ+

Espacio seguro para personas transgénero

Grupos
    Planificación

Se requieren reservas

Se aceptan reservas
    Pagos

Tarjetas de crédito

Tarjetas de débito

Tarjetas de crédito",3.7,318.0,$$,Discoteca,No accesible con silla de ruedas,,,Comuna El Poblado Discotecas,319 7153126 ,"Cra. 38 #8-54, El Poblado, Medellín, El Poblado, Medellín, Antioquia",6.2078011,-75.5676472
59,Cine Colombia Vizcaya,"Información  Accesibilidad

Entrada accesible para personas en silla de ruedas

Estacionamiento accesible para personas en silla de ruedas
    Qué ofrece

Comida
    Servicios

Restaurante
    Pagos

Tarjetas de crédito
    Menores

Ideal para ir con niños",4.7,2927.0,,Cine,Accesible con silla de ruedas,"12 pm.,6 .",https://www.cinecolombia.com/,Comuna El Poblado Cines,43602463 ,"Vizcaya Centro de Negocios Calle 10 # 32-115, Medellín",6.2081774,-75.5630777
60,Cinemas Procinal,"Información  Accesibilidad

Entrada accesible para personas en silla de ruedas

Estacionamiento accesible para personas en silla de ruedas
    Aspectos destacados

Películas 3D
    Qué ofrece

Comida
    Servicios

Restaurante
    Pagos

Tarjetas de crédito
    Menores

Ideal para ir con niños",4.3,3731.0,,Cine,Accesible con silla de ruedas,"3 pm.,6 .",http://www.procinal.com/,Comuna El Poblado Cines,44442244 ,"Cra. 48 #20-34, El Poblado, Medellín, El Poblado, Medellín, Antioquia",6.2148421,-75.5762811
61,Cinemark El Tesoro,"Información  Cine con varias pantallas, asientos tipo estadio y venta de entradas autoservicio.
    Accesibilidad

Entrada accesible para personas en silla de ruedas

Estacionamiento accesible para personas en silla de ruedas
    Opciones de servicio

Servicios en el lugar
    Aspectos destacados

Películas 3D
    Qué ofrece

Comida
    Servicios

Restaurante
    Pagos

Tarjetas de crédito
    Menores

Ideal para ir con niños",4.5,4784.0,,Cine,Accesible con silla de ruedas,,https://www.cinemark.com.co/ciudad/medellin/el-tesoro,Comuna El Poblado Cines,43210974 ,"Cl. 3 #3-25, El Poblado, Medellín, El Poblado, Medellín, Antioquia",6.1985046,-75.5591889
62,Cine Colombia Oviedo,"Información  Accesibilidad

Entrada accesible para personas en silla de ruedas

Espacio accesible para personas en silla de ruedas

Estacionamiento accesible para personas en silla de ruedas

Sanitarios accesibles para personas en silla de ruedas
    Qué ofrece

Comida
    Servicios

Restaurante

Sanitario
    Pagos

Tarjetas de crédito
    Menores

Ideal para ir con niños",4.6,11441.0,,Cine,Accesible con silla de ruedas,"12 pm.,6 .",https://www.cinecolombia.com/,Comuna El Poblado Cines,43602463 ,"Centro Comercial Oviedo, Calle 6 Sur # 43A -227 Centro Comercial Oviedo, Cra. 43A, Medellín, El Poblado, Medellín, Antioquia",6.200023,-75.5759403
63,Cine Colombia - Multiplex,"Información  Accesibilidad

Entrada accesible para personas en silla de ruedas

Estacionamiento accesible para personas en silla de ruedas
    Qué ofrece

Comida
    Servicios

Restaurante
    Pagos

Tarjetas de crédito
    Menores

Ideal para ir con niños",4.5,374.0,,Cine,Accesible con silla de ruedas,,,Comuna El Poblado Cines,13218506 ,Centro Comercial Santa Fé Cl. 7 Sur #42-1 a 42-193 Medellín AN,6.1967967,-75.5732034
64,Teatro Victoria,"Información  Accesibilidad

Bucle magnético de asistencia

Entrada accesible para personas en silla de ruedas

Espacio accesible para personas en silla de ruedas

Estacionamiento accesible para personas en silla de ruedas
    Opciones de servicio

Para llevar

Consumo en el lugar

Entrega a domicilio
    Aspectos destacados

Asientos en la terraza

Buenos cócteles

Música en vivo

Presentaciones en vivo
    Qué ofrece

Alcohol

Bebidas fuertes

Cerveza

Cócteles

Comida

Comida en el bar

Lugar para bailar

Vino
    Opciones del local

Espacio con asientos
    Servicios

Sanitario

Wi-Fi

Tiene Wi-Fi gratis
    Ambiente

Agradable

Informal
    Público usual

Amigable con LGBTQ+

Espacio seguro para personas transgénero

Grupos
    Planificación

Se aceptan reservas
    Pagos

Pagos con dispositivos móviles mediante NFC

Tarjetas de crédito

Tarjetas de débito

Tarjetas de crédito",4.1,700.0,Más de $100 K,Discoteca,No accesible con silla de ruedas,"6 pm.,6 .",https://fiweex.com/links/teatrovictoria,Comuna El Poblado Teatros,301 7438125 ,"Cra. 35 #8a -73, El Poblado, Medellín, El Poblado, Medellín, Antioquia",6.2081254,-75.5659193
65,Acción Impro,"Información  Accesibilidad

Entrada accesible para personas en silla de ruedas
    Aspectos destacados

Presentaciones en vivo
    Servicios

Sanitario

Restaurante
    Público usual

Recomendable para ir en familia
    Pagos

Pagos con dispositivos móviles mediante NFC

Tarjetas de crédito

Tarjetas de débito

Tarjetas de crédito",4.7,588.0,,Teatro,Accesible con silla de ruedas,,https://accionimpro.com.co/,Comuna El Poblado Teatros,(604) 4445432 ,"Cl. 9 #43B - 80, El Poblado, Medellín, El Poblado, Medellín, Antioquia",6.2103934,-75.5719685
66,Entre Líneas - Café,"Información  Aspectos destacados

Música en vivo

Presentaciones en vivo
    Qué ofrece

Alcohol

Cerveza
    Servicios

Sanitario
    Ambiente

Agradable

Informal
    Público usual

Grupos
    Planificación

Se aceptan reservas",5.0,7.0,,Café teatro,,"9 .,6 .",,Comuna El Poblado Teatros,305 7088262 ,"Cra. 43B #8-32, El Poblado, Medellín, El Poblado, Medellín, Antioquia",6.2095448,-75.571555
67,Fundación Casa Teatro del Poblado,"Información  Accesibilidad

Entrada accesible para personas en silla de ruedas

Estacionamiento accesible para personas en silla de ruedas
    Opciones de servicio

Servicios en el lugar
    Servicios

Restaurante
    Menores

Ideal para ir con niños",4.7,1763.0,,Teatro,Accesible con silla de ruedas,"12 pm.,6 .",http://www.casateatroelpoblado.com/,Comuna El Poblado Teatros,43211100 ,"Cra. 47B #17 b sur 30, El Poblado, Medellín, El Poblado, Medellín, Antioquia",6.1880244,-75.5806973
68,CITRINO,"Información  Servicios

Restaurante
    Planificación

Se requiere una cita",5.0,1.0,,Teatro,,,https://www.instagram.com/citrinoteatro/,Comuna El Poblado Teatros,,"Cl. 9 #42-37, El Poblado, Medellín, El Poblado, Medellín, Antioquia",6.2096001,-75.5703861
69,Teatro Universidad CES,"Información  Accesibilidad

Entrada accesible para personas en silla de ruedas

Estacionamiento accesible para personas en silla de ruedas
    Servicios

Restaurante",4.7,352.0,,Teatro,Accesible con silla de ruedas,,http://www.ces.edu.co/,Comuna El Poblado Teatros,44440555 ext. 1706 ,"Cl 10A #22-04, El Poblado, Medellín, El Poblado, Medellín, Antioquia",6.209128,-75.5541083
70,Parpado Teatro,"Información  Servicios

Restaurante
    Menores

Ideal para ir con niños",3.5,2.0,,Teatro,,,,Comuna El Poblado Teatros,,"Carrrera 43D, El Poblado, Medellín, El Poblado, Medellín, Antioquia",6.21384,-75.5718
71,Teatro El Tesoro,"Información  Servicios

Restaurante
    Menores

Ideal para ir con niños",4.3,12.0,,Teatro,,,https://www.teatroeltesoro.com/,Comuna El Poblado Teatros,302 2514724 ,"Cra. 25a #1A Sur - 45, El Poblado, Medellín, El Poblado, Medellín, Antioquia",6.1960815,-75.5596773
72,Casa de Cultura El Poblado,"Información  Accesibilidad

Entrada accesible para personas en silla de ruedas",4.8,25.0,,Centro cultural,Accesible con silla de ruedas,"9 .,9 pm.",https://www.facebook.com/cdcelpoblado/,Comuna El Poblado Teatros,42665665 ,"Cra. 43B #11b-20, El Poblado, Medellín, El Poblado, Medellín, Antioquia",6.2130675,-75.5704738
73,Teatro Títeres Y Música Carantoña,"Información  Accesibilidad

Entrada accesible para personas en silla de ruedas

Espacio accesible para personas en silla de ruedas

Estacionamiento accesible para personas en silla de ruedas

Sanitarios accesibles para personas en silla de ruedas
    Aspectos destacados

Presentaciones en vivo
    Servicios

Sanitario

Restaurante
    Público usual

Recomendable para ir en familia
    Menores

Ideal para ir con niños",4.6,320.0,,Teatro,Accesible con silla de ruedas,,http://wwww.carantona.com.co/,Comuna El Poblado Teatros,316 2534548 ,"Cra. 75 #24 - 47, Medellín, Belén, Medellín, Antioquia",6.2268521,-75.5958833
74,Jardín Infantil La Arboleda,"Información  Accesibilidad

Entrada accesible para personas en silla de ruedas

Estacionamiento accesible para personas en silla de ruedas",4.9,16.0,,Jardín de infancia,Accesible con silla de ruedas,,http://www.laarboledamijardin.com/,Comuna El Poblado Jardines,313 6503445 ,"Cra. 30a #8-60, El Poblado, Medellín, El Poblado, Medellín, Antioquia",6.2070886,-75.5601915
75,Jardín Infantil Sol Naciente,"Información  Información proporcionada por la empresa

Se identifica como mujer empresaria",4.6,43.0,,Escuela,,,http://www.solnaciente.edu.co/,Comuna El Poblado Jardines,310 8420096 ,"Cl. 10b # 28 41 Sector, El Poblado, Medellín, El Poblado, Medellín, Antioquia",6.210093,-75.5576958
76,Centro Educativo Descubriendo Maravillas,"Información  Accesibilidad

Entrada accesible para personas en silla de ruedas",4.7,14.0,,Centro educativo,Accesible con silla de ruedas,,,Comuna El Poblado Jardines,44637312 ,"Circular 72 #36-19, Cl. 11B #31a-18, Medellín, Antioquia",6.2119906,-75.5619899
77,Jardín infantil Chiquillos de la Colina,"Reseñas
5
4
3
2
1
5,0
5 reseñas
  
Escribir una reseña
  

Ordenar",5.0,5.0,,Escuela,,,,Comuna El Poblado Jardines,44182554 ,"Cl. 19 #43g-137 a 43g-1, Medellín, Antioquia",6.2220297,-75.5734422
78,Jardin infantil Descubriendo Maravillas,,,,,Escuela,,,,Comuna El Poblado Jardines,,"Cl. 11B #04 # 31a, El Poblado, Medellín, El Poblado, Medellín, Antioquia",6.2119226,-75.5619692
79,Preescolar Cascanueces Medellin,"Información  Accesibilidad

Entrada accesible para personas en silla de ruedas

Estacionamiento accesible para personas en silla de ruedas",4.4,13.0,,Jardín de infancia,Accesible con silla de ruedas,,http://www.cascanueces.edu.co/,Comuna El Poblado Jardines,44489594 ,"Cl. 1b Sur #32-51, El Poblado, Medellín, El Poblado, Medellín, Antioquia",6.1997196,-75.5656326
80,Museo El Castillo,"Información  Casa museo estilo castillo en ambiente panorámico con visitas guiadas y exhibiciones de arte temporales.
    Accesibilidad

Entrada accesible para personas en silla de ruedas

Estacionamiento accesible para personas en silla de ruedas
    Opciones de servicio

Servicios en el lugar
    Servicios

Restaurante

Sanitario
    Menores

Ideal para ir con niños",4.7,13635.0,,Museo de historia,Accesible con silla de ruedas,"12 pm.,6 pm.",http://www.museoelcastillo.org/,Comuna El Poblado Museos,2660900 ,"Cl. 9 Sur #32-269, El Poblado, Medellín, El Poblado, Medellín, Antioquia",6.1901037,-75.5694576
81,Museum Pablo Escobar,"Información  Museo privado que fue casa del narcotraficante Pablo Escobar con visitas guiadas, fotos y sus pertenencias.
    Accesibilidad

Entrada accesible para personas en silla de ruedas

Estacionamiento accesible para personas en silla de ruedas

Sanitarios accesibles para personas en silla de ruedas
    Opciones de servicio

Servicios en el lugar
    Aspectos destacados

Presentaciones en vivo
    Servicios

Sanitario

Wi-Fi

Tiene Wi-Fi gratis

Restaurante
    Público usual

Amigable con LGBTQ+

Recomendable para ir en familia",3.8,2467.0,,Museo,Accesible con silla de ruedas,,http://www.pabloescobargaviria.com/,Comuna El Poblado Museos,300 5183030 ,"Lower Traverse. El Poblado neighborhood, Cl. 10b #28-90, El Poblado, Medellín, El Poblado, Medellín, Antioquia",6.2105179,-75.5581459
82,Museo de Arte Moderno de Medellín,"Información  Museo de arte moderno con una colección permanente y exposiciones rotativas, además de una gran sala de cine.
    Accesibilidad

Entrada accesible para personas en silla de ruedas

Estacionamiento accesible para personas en silla de ruedas

Sanitarios accesibles para personas en silla de ruedas
    Opciones de servicio

Servicios en el lugar
    Servicios

Restaurante

Sanitario
    Menores

Ideal para ir con niños",4.7,11539.0,,Museo,Accesible con silla de ruedas,,http://www.elmamm.org/,Comuna El Poblado Museos,(604) 4442622 ,"Cra. 44 #19a-100, El Poblado, Medellín, El Poblado, Medellín, Antioquia",6.2237797,-75.57384
83,Parque De Diversiones El Tesoro,"Información  Accesibilidad

Entrada accesible para personas en silla de ruedas

Estacionamiento accesible para personas en silla de ruedas

Sanitarios accesibles para personas en silla de ruedas
    Servicios

Restaurante

Sanitario
    Menores

Ideal para ir con niños",4.6,169.0,,Parque de atracciones,Accesible con silla de ruedas,"12 pm.,9 pm.",,Comuna El Poblado Parques temático,43211200 ,"Cra. 25 #1a-45, El Poblado, Medellín, El Poblado, Medellín, Antioquia",6.1974713,-75.55893
84,Afterland Parque Tematico,"Información  Accesibilidad

Entrada accesible para personas en silla de ruedas

Estacionamiento accesible para personas en silla de ruedas
    Menores

Es recomendable para cumpleaños infantiles",4.3,667.0,,Recinto ferial,Accesible con silla de ruedas,"12 pm.,9 pm.",http://www.afterland.com.co/,Comuna El Poblado Parques temático,313 5288527 ,"Cra. 25a ##1a Sur 45, Medellín, Antioquia",6.1960842,-75.5602085
85,Jumbalá Parque de diversiones,"Información  Accesibilidad

Entrada accesible para personas en silla de ruedas

Estacionamiento accesible para personas en silla de ruedas

Sanitarios accesibles para personas en silla de ruedas
    Servicios

Sanitario
    Menores

Ideal para ir con niños",4.4,5.0,,Parque de atracciones,Accesible con silla de ruedas,,https://www.instagram.com/jumbala_/,Comuna El Poblado Parques temático,320 4313903 ,"Parque Comercial, Carrera 25a #1a Sur 45 Segundo piso ingresando por Calvin Klein El Tesoro, Medellín, Antioquia",6.1971713,-75.5586464
86,Parque de El Poblado,"Información  Plaza verde y punto de encuentro central con vendedores de comida y artesanía, y vida nocturna alrededor.
    Accesibilidad

Entrada accesible para personas en silla de ruedas

Estacionamiento accesible para personas en silla de ruedas
    Opciones de servicio

Servicios en el lugar
    Servicios

Sanitario público
    Menores

Ideal para ir con niños
    Mascotas

Se permiten perros",4.4,32419.0,,Parque,Accesible con silla de ruedas,,http://www.medellin.gov.co/,Comuna El Poblado Parques temático,,"El Poblado, Medellín, El Poblado, Medellín, Antioquia",6.2100096,-75.5711208
87,Summit Adventure Park Medellín,"Información  Accesibilidad

Entrada accesible para personas en silla de ruedas

Estacionamiento accesible para personas en silla de ruedas

Sanitarios accesibles para personas en silla de ruedas
    Servicios

Restaurante

Sanitario
    Planificación

Se recomienda comprar las entradas con anticipación
    Menores

Ideal para ir con niños",4.5,3007.0,,Parque de atracciones,Accesible con silla de ruedas,"12 pm.,9 pm.",https://summitmedellin.com/,Comuna El Poblado Parques temático,317 3931101 ,"Cl 10 #50-267, Guayabal, Medellín, Guayabal, Medellín, Antioquia",6.2142576,-75.5814364
88,El Tesoro Parque Comercial,"Información  Ubicado alrededor de un patio frondoso, este centro comercial moderno ofrece marcas internacionales y un cine.
    Accesibilidad

Entrada accesible para personas en silla de ruedas

Estacionamiento accesible para personas en silla de ruedas
    Opciones de servicio

Servicios en el lugar
    Qué ofrece

Juegos de arcade
    Servicios

Tiene Wi-Fi gratis
    Pagos

Pagos con dispositivos móviles mediante NFC

Tarjetas de débito

Tarjetas de crédito
    Menores

Área de juegos",4.8,34970.0,,Centro comercial,Accesible con silla de ruedas,"12 pm.,9 pm.",https://eltesoro.com.co/,Comuna El Poblado Centros comerciales,(604) 3211010 ,"Cra. 25a #1a Sur 45, El Poblado, Medellín, El Poblado, Medellín, Antioquia",6.1972984,-75.5582293
89,Centro Comercial Oviedo,"Información  Centro grande y moderno con una gran variedad de tiendas, restaurantes y establecimientos de comida rápida.
    Accesibilidad

Entrada accesible para personas en silla de ruedas

Estacionamiento accesible para personas en silla de ruedas
    Opciones de servicio

Servicios en el lugar
    Qué ofrece

Juegos de arcade
    Pagos

Pagos con dispositivos móviles mediante NFC

Tarjetas de débito

Tarjetas de crédito
    Menores

Área de juegos
    Estacionamiento

Estacionamiento pagado",4.6,39035.0,,Centro comercial,Accesible con silla de ruedas,"12 pm.,9 pm.",https://www.oviedo.com.co/,Comuna El Poblado Centros comerciales,(604) 3216116 ,"Cra. 43A #6s-15, El Poblado, Medellín, El Poblado, Medellín, Antioquia",6.1988218,-75.574133
90,Centro Comercial Plaza del Poblado,"Información  Accesibilidad

Entrada accesible para personas en silla de ruedas

Estacionamiento accesible para personas en silla de ruedas",4.3,41.0,,Centro comercial,Accesible con silla de ruedas,"12 pm.,6 pm.",,Comuna El Poblado Centros comerciales,,"Cl 10 #4249, El Poblado, Medellín, El Poblado, Medellín, Antioquia",6.2103163,-75.5700233
91,Centro Comercial Premium Plaza,"Información  Centro comercial moderno con tiendas de ropa, un cine, un gimnasio, un casino y restaurantes.
    Accesibilidad

Entrada accesible para personas en silla de ruedas

Estacionamiento accesible para personas en silla de ruedas
    Opciones de servicio

Servicios en el lugar
    Qué ofrece

Juegos de arcade
    Menores

Área de juegos",4.5,40274.0,,Centro comercial,Accesible con silla de ruedas,"12 pm.,9 pm.",http://www.ccpremiumplaza.com/,Comuna El Poblado Centros comerciales,(604) 4487071 ,"Calle 30, Cra. 43A, Medellín, Antioquia",6.228946,-75.5708693
92,Centro Comercial San Diego,"Información  Plaza comercial local inaugurada en 1972, con zona cubierta y al aire libre, además de tiendas y cafés.
    Accesibilidad

Entrada accesible para personas en silla de ruedas

Estacionamiento accesible para personas en silla de ruedas
    Opciones de servicio

Compras en tienda

Servicios en el lugar
    Qué ofrece

Juegos de arcade
    Pagos

Pagos con dispositivos móviles mediante NFC

Tarjetas de débito

Tarjetas de crédito",4.6,38255.0,,Centro comercial,Accesible con silla de ruedas,,http://www.sandiego.com.co/,Comuna El Poblado Centros comerciales,(604) 4480624 ,"Cl. 33 #42B-06, La Candelaria, Medellín, La Candelaria, Medellín, Antioquia",6.2350953,-75.5692213
93,Centro Comercial Santafé Medellín,"Información  Enorme centro comercial de varios niveles con cientos de tiendas, restaurantes y un techo de vidrio retráctil.
    Accesibilidad

Entrada accesible para personas en silla de ruedas

Estacionamiento accesible para personas en silla de ruedas
    Opciones de servicio

Servicios en el lugar
    Qué ofrece

Juegos de arcade
    Pagos

Tarjetas de débito

Tarjetas de crédito",4.6,6811.0,,Centro comercial,Accesible con silla de ruedas,"12 pm.,9 pm.",http://www.santafemedellin.com/,Comuna El Poblado Centros comerciales,(604) 4600737 ,"Carrera 43A, Cl. 7 Sur #170, Medellín, El Poblado",6.196852,-75.574351
94,Mall Palms Avenue,"Información  Accesibilidad

Entrada accesible para personas en silla de ruedas

Estacionamiento accesible para personas en silla de ruedas
    Opciones de servicio

Compras en tienda

Servicios en el lugar",4.6,1089.0,,Centro comercial,Accesible con silla de ruedas,,https://www.palmsavenue.com.co/,Comuna El Poblado Centros comerciales,312 7389258 ,"Cl. 18 #35-69, El Poblado, Medellín, El Poblado, Medellín, Antioquia",6.2174466,-75.5650741
95,Centro comercial monterrey,"Información  Accesibilidad

Entrada accesible para personas en silla de ruedas

Estacionamiento accesible para personas en silla de ruedas",4.7,16.0,,Centro comercial,Accesible con silla de ruedas,,https://monterrey.com.co/,Comuna El Poblado Centros comerciales,,"Cl. 9A #38-26, El Poblado, Medellín, El Poblado, Medellín, Antioquia",6.2090984,-75.5677424
96,Centro Comercial Río Sur,"Información  Complejo comercial íntimo que ofrece tiendas, restaurantes, bares, servicios y un área de juegos.
    Accesibilidad

Entrada accesible para personas en silla de ruedas

Estacionamiento accesible para personas en silla de ruedas
    Opciones de servicio

Servicios en el lugar",4.4,3289.0,,Centro comercial,Accesible con silla de ruedas,,https://www.riosur.com.co/,Comuna El Poblado Centros comerciales,(604) 3114759 ,"Cra. 43A # 6 sur 26, El Poblado, Medellín, El Poblado, Medellín, Antioquia",6.1987685,-75.5734957
97,Centro Comercial Monterrey,"Información  Centro comercial con computadoras, teléfonos celulares, TVs y otros artículos electrónicos, y patio de comidas.
    Accesibilidad

Entrada accesible para personas en silla de ruedas

Estacionamiento accesible para personas en silla de ruedas

Alquiler de sillas de ruedas
    Opciones de servicio

Servicios en el lugar
    Qué ofrece

Juegos de arcade
    Servicios

Tiene Wi-Fi gratis
    Pagos

Pagos con dispositivos móviles mediante NFC

Tarjetas de débito

Tarjetas de crédito
    Estacionamiento

Estacionamiento pagado en la calle",4.3,13697.0,,Centro comercial,Accesible con silla de ruedas,"12 pm.,6 pm.",http://www.monterrey.com.co/,Comuna El Poblado Centros comerciales,4604 8912 ,"Cra. 48 #10-45, El Poblado, Medellín, El Poblado, Medellín, Antioquia",6.2141932,-75.5767466
98,Parque de El Poblado,"Información  Plaza verde y punto de encuentro central con vendedores de comida y artesanía, y vida nocturna alrededor.
    Accesibilidad

Entrada accesible para personas en silla de ruedas

Estacionamiento accesible para personas en silla de ruedas
    Opciones de servicio

Servicios en el lugar
    Servicios

Sanitario público
    Menores

Ideal para ir con niños
    Mascotas

Se permiten perros",4.4,32419.0,,Parque,Accesible con silla de ruedas,,http://www.medellin.gov.co/,Comuna El Poblado Parques de atracciones,,"El Poblado, Medellín, El Poblado, Medellín, Antioquia",6.2100096,-75.5711208
99,Parque De Diversiones El Tesoro,"Información  Accesibilidad

Entrada accesible para personas en silla de ruedas

Estacionamiento accesible para personas en silla de ruedas

Sanitarios accesibles para personas en silla de ruedas
    Servicios

Restaurante

Sanitario
    Menores

Ideal para ir con niños",4.6,169.0,,Parque de atracciones,Accesible con silla de ruedas,"12 pm.,9 pm.",,Comuna El Poblado Parques de atracciones,43211200 ,"Cra. 25 #1a-45, El Poblado, Medellín, El Poblado, Medellín, Antioquia",6.1974713,-75.55893
100,Parque lleras,"Información  Zona dinámica con una gran variedad de restaurantes que sirven comida regional, bares y otros locales nocturnos.
    Accesibilidad

Entrada accesible para personas en silla de ruedas

Estacionamiento accesible para personas en silla de ruedas
    Opciones de servicio

Servicios en el lugar
    Servicios

Sanitario público
    Mascotas

Se permiten perros",4.4,20326.0,,Parque,Accesible con silla de ruedas,,https://comunasdemedellin.com/,Comuna El Poblado Parques de atracciones,,"Cl 10 #25-18, El Poblado, Medellín, El Poblado, Medellín, Antioquia",6.208881,-75.5677791
101,Afterland Parque Tematico,"Información  Accesibilidad

Entrada accesible para personas en silla de ruedas

Estacionamiento accesible para personas en silla de ruedas
    Menores

Es recomendable para cumpleaños infantiles",4.3,667.0,,Recinto ferial,Accesible con silla de ruedas,"12 pm.,9 pm.",http://www.afterland.com.co/,Comuna El Poblado Parques de atracciones,313 5288527 ,"Cra. 25a ##1a Sur 45, Medellín, Antioquia",6.1960842,-75.5602085
102,Parque de la bailarina,"Información  Parque compacto con vegetación densa, un sendero hacia una iglesia pequeña y vista panorámica a la ciudad.
    Accesibilidad

Entrada accesible para personas en silla de ruedas
    Actividades

Senderismo
    Menores

Ideal para ir con niños

Rutas de senderismo adecuadas para niños
    Mascotas

Parque para perros

Se permiten perros",4.6,1334.0,,Parque,Accesible con silla de ruedas,,,Comuna El Poblado Parques de atracciones,,"Cra. 43E #7D-70, El Poblado, Medellín, El Poblado, Medellín, Antioquia",6.210057,-75.5744286
103,Parque Acuatico Tulio Ospina,"Información  Accesibilidad

Entrada accesible para personas en silla de ruedas

Estacionamiento accesible para personas en silla de ruedas

Sanitarios accesibles para personas en silla de ruedas
    Servicios

Sanitario

Restaurante
    Menores

Ideal para ir con niños",3.7,94.0,,Parque acuático,Accesible con silla de ruedas,"12 .,12 .",,Comuna El Poblado Parques acuaticos,,"Regional #s/n, Panamericano, Bello, Antioquia",6.3330996,-75.5491554
104,Pared De Agua,"Información  Accesibilidad

Entrada accesible para personas en silla de ruedas

Estacionamiento accesible para personas en silla de ruedas
    Servicios

Área para patinetas

Cancha de básquetbol

Columpios
    Menores

Área de juegos

Ideal para ir con niños
    Mascotas

Parque para perros

Se permiten perros",4.3,1133.0,,Parque,Accesible con silla de ruedas,,,Comuna El Poblado Parques acuaticos,,"Cl 42 #10557, San Javier, Medellín, San Javier, Medellín, Antioquia",6.25549,-75.620066
105,Acuaparque Ditaires,"Información  Parque acuático grande con sauna, piscina de olas, toboganes, zona para niños y canchas de deportes.
    Accesibilidad

Entrada accesible para personas en silla de ruedas

Sanitarios accesibles para personas en silla de ruedas

Estacionamiento accesible para personas en silla de ruedas
    Servicios

Restaurante

Sanitario
    Público usual

Recomendable para ir en familia
    Menores

Ideal para ir con niños",4.4,5879.0,,Parque acuático,Accesible con silla de ruedas,,https://www.comfenalcoantioquia.com.co/personas/sedes/acuaparque-ditaires/,Comuna El Poblado Parques acuaticos,(604) 4443635 ,"Cl. 36 #59-69, Pilsen, Itagüi, Antioquia",6.169487,-75.6281441
106,Aeroparque Juan Pablo II,"Información  Parque acuático con toboganes y piscinas, además de áreas para correr carreras, caminar y andar en bicicleta.
    Accesibilidad

Entrada accesible para personas en silla de ruedas

Estacionamiento accesible para personas en silla de ruedas

Sanitarios accesibles para personas en silla de ruedas
    Servicios

Espacio para guardar equipaje

Restaurante

Sanitario

Wi-Fi

Tiene Wi-Fi gratis
    Público usual

Amigable con LGBTQ+

Espacio seguro para personas transgénero

Recomendable para ir en familia
    Planificación

Se recomienda comprar las entradas con anticipación
    Menores

Área de juegos

Ideal para ir con niños",4.4,14932.0,,Parque acuático,Accesible con silla de ruedas,,http://www.aeroparquejuanpablo.gov.co/,Comuna El Poblado Parques acuaticos,(604) 3401210 ,"Cra. 70 #16, Guayabal, Medellín, Guayabal, Medellín, Antioquia",6.2200154,-75.5917358
107,Chorritos EPM,"Información  Accesibilidad

Entrada accesible para personas en silla de ruedas
    Servicios

Sanitario
    Menores

Ideal para ir con niños",4.7,3.0,,Parque acuático,Accesible con silla de ruedas,"12 .,3 .",,Comuna El Poblado Parques acuaticos,,"Cl. 32 #N° 50-51, La Candelaria, Medellín, La Candelaria, Medellín, Antioquia",6.2336676,-75.5751698
